{"cameraMode":{"drawMode":0,"name":"Shaded","section":"Shading Mode"},"sceneLighting":false,"audioPlay":false,"sceneViewState":{"showFog":true,"showMaterialUpdate":false,"showSkybox":false,"showFlares":true,"showImageEffects":true,"showParticleSystems":true},"in2DMode":false,"pivot":{"x":1.1293251514434815,"y":1.3268482685089112,"z":-0.249434232711792},"rotation":{"x":0.0012543548364192248,"y":0.9978053569793701,"z":-0.06325506418943405,"w":0.01975979469716549},"size":3.5882768630981447,"orthographic":false}