{"cameraMode":{"drawMode":0,"name":"Shaded","section":"Shading Mode"},"sceneLighting":false,"audioPlay":false,"sceneViewState":{"showFog":true,"showMaterialUpdate":false,"showSkybox":false,"showFlares":true,"showImageEffects":true,"showParticleSystems":true},"in2DMode":false,"pivot":{"x":-0.8999999761581421,"y":-0.6000000238418579,"z":0.0},"rotation":{"x":0.6894932389259338,"y":0.0031901185866445305,"z":-0.002741985721513629,"w":0.7244036197662354},"size":1.710278868675232,"orthographic":false}