{"cameraMode":{"drawMode":0,"name":"Shaded","section":"Shading Mode"},"sceneLighting":true,"audioPlay":false,"sceneViewState":{"showFog":true,"showMaterialUpdate":false,"showSkybox":true,"showFlares":true,"showImageEffects":true,"showParticleSystems":true},"in2DMode":false,"pivot":{"x":1.2009999752044678,"y":0.2849999964237213,"z":-1.3559999465942383},"rotation":{"x":-0.12137740850448609,"y":-0.6915357112884522,"z":0.11957016587257385,"w":-0.7019739747047424},"size":1.2234967947006226,"orthographic":false}