{"cameraMode":{"drawMode":0,"name":"Shaded","section":"Shading Mode"},"sceneLighting":true,"audioPlay":false,"sceneViewState":{"showFog":true,"showMaterialUpdate":true,"showSkybox":true,"showFlares":true,"showImageEffects":true,"showParticleSystems":true},"in2DMode":false,"pivot":{"x":-3.559999942779541,"y":0.5914665460586548,"z":-89.66000366210938},"rotation":{"x":-0.37025919556617739,"y":-0.4056259095668793,"z":0.17625300586223603,"w":-0.8173080086708069},"size":2.063535451889038,"orthographic":false}