{"cameraMode":{"drawMode":0,"name":"Shaded","section":"Shading Mode"},"sceneLighting":false,"audioPlay":false,"sceneViewState":{"showFog":true,"showMaterialUpdate":true,"showSkybox":false,"showFlares":true,"showImageEffects":true,"showParticleSystems":true},"in2DMode":false,"pivot":{"x":-5.159999847412109,"y":0.2680000066757202,"z":-90.87000274658203},"rotation":{"x":-0.06482668220996857,"y":0.06205018237233162,"z":-0.00988844409584999,"w":-0.9962586164474487},"size":22.0,"orthographic":false}