{"cameraMode":{"drawMode":0,"name":"Shaded","section":"Shading Mode"},"sceneLighting":false,"audioPlay":false,"sceneViewState":{"showFog":true,"showMaterialUpdate":false,"showSkybox":false,"showFlares":true,"showImageEffects":true,"showParticleSystems":true},"in2DMode":false,"pivot":{"x":-3.1033058166503908,"y":10.314000129699707,"z":-40.589996337890628},"rotation":{"x":0.03740605711936951,"y":-0.9062598347663879,"z":0.08253546059131623,"w":0.4130149781703949},"size":74.67044067382813,"orthographic":false}